Tool/Chamber,lastDate,OOC
FH0000/PM-1,11/2/2022,4
FH0000/PM-1,11/6/2022,
FH0000/PM-1,11/7/2022,
FH0000/PM-1,12/5/2022,
FH0000/PM-1,12/7/2022,
FH0000/PM-1,13/5/2022,
FH0000/PM-1,14/5/2022,
FH0000/PM-1,14/6/2022,
FH0000/PM-1,14/7/2022,
FH0000/PM-1,15/5/2022,3
FH0000/PM-1,15/7/2022,
FH0000/PM-1,16/7/2022,
FH0000/PM-1,17/7/2022,1
FH0000/PM-1,2/6/2022,
FH0000/PM-1,20/5/2022,
FH0000/PM-1,21/3/2022,
FH0000/PM-1,22/3/2022,
FH0000/PM-1,22/6/2022,
FH0000/PM-1,23/3/2022,
FH0000/PM-1,23/6/2022,
FH0000/PM-1,24/6/2022,
FH0000/PM-1,25/3/2022,
FH0000/PM-1,25/4/2022,0
FH0000/PM-1,25/6/2022,
FH0000/PM-1,26/6/2022,
FH0000/PM-1,27/6/2022,2
FH0000/PM-1,28/3/2022,
FH0000/PM-1,29/3/2022,
FH0000/PM-1,3/6/2022,
FH0000/PM-1,30/3/2022,6
FH0000/PM-1,30/5/2022,
FH0000/PM-1,30/6/2022,
FH0000/PM-1,31/5/2022,
FH0000/PM-1,4/6/2022,
FH0000/PM-1,5/5/2022,
FH0000/PM-1,5/6/2022,1
FH0000/PM-1,6/7/2022,
FH0000/PM-1,8/7/2022,
FH0000/PM-1,9/7/2022,
FH0000/PM-2,11/2/2022,2
FH0000/PM-2,11/6/2022,
FH0000/PM-2,11/7/2022,
FH0000/PM-2,12/7/2022,
FH0000/PM-2,13/5/2022,
FH0000/PM-2,14/5/2022,
FH0000/PM-2,14/6/2022,
FH0000/PM-2,14/7/2022,
FH0000/PM-2,15/5/2022,4
FH0000/PM-2,15/7/2022,
FH0000/PM-2,16/7/2022,
FH0000/PM-2,17/7/2022,3
FH0000/PM-2,2/6/2022,
FH0000/PM-2,20/5/2022,
FH0000/PM-2,21/3/2022,
FH0000/PM-2,22/3/2022,
FH0000/PM-2,22/6/2022,
FH0000/PM-2,23/3/2022,
FH0000/PM-2,23/6/2022,
FH0000/PM-2,24/6/2022,
FH0000/PM-2,25/3/2022,
FH0000/PM-2,25/4/2022,2
FH0000/PM-2,25/6/2022,
FH0000/PM-2,26/6/2022,
FH0000/PM-2,27/6/2022,7
FH0000/PM-2,29/3/2022,
FH0000/PM-2,3/6/2022,
FH0000/PM-2,30/3/2022,3
FH0000/PM-2,30/5/2022,
FH0000/PM-2,30/6/2022,
FH0000/PM-2,4/6/2022,
FH0000/PM-2,5/5/2022,
FH0000/PM-2,5/6/2022,2
FH0000/PM-2,6/7/2022,
FH0000/PM-2,8/7/2022,
FH0000/PM-2,9/7/2022,
FH0000/PM-3,11/2/2022,7
FH0000/PM-3,11/7/2022,
FH0000/PM-3,12/5/2022,
FH0000/PM-3,12/7/2022,
FH0000/PM-3,13/5/2022,
FH0000/PM-3,14/5/2022,
FH0000/PM-3,14/6/2022,
FH0000/PM-3,14/7/2022,
FH0000/PM-3,15/5/2022,1
FH0000/PM-3,15/7/2022,
FH0000/PM-3,16/7/2022,
FH0000/PM-3,17/7/2022,2
FH0000/PM-3,2/6/2022,
FH0000/PM-3,20/5/2022,
FH0000/PM-3,21/3/2022,
FH0000/PM-3,22/3/2022,
FH0000/PM-3,22/6/2022,
FH0000/PM-3,23/3/2022,
FH0000/PM-3,23/6/2022,
FH0000/PM-3,24/6/2022,
FH0000/PM-3,25/3/2022,
FH0000/PM-3,25/4/2022,13
FH0000/PM-3,25/6/2022,
FH0000/PM-3,26/6/2022,
FH0000/PM-3,27/6/2022,31
FH0000/PM-3,28/3/2022,
FH0000/PM-3,29/3/2022,
FH0000/PM-3,3/6/2022,
FH0000/PM-3,30/3/2022,1
FH0000/PM-3,30/5/2022,
FH0000/PM-3,30/6/2022,
FH0000/PM-3,31/5/2022,
FH0000/PM-3,4/6/2022,
FH0000/PM-3,5/5/2022,
FH0000/PM-3,5/6/2022,22
FH0000/PM-3,6/7/2022,
FH0000/PM-3,8/7/2022,
FH0000/PM-3,9/7/2022,
FH0000/PM-4,11/2/2022,1
FH0000/PM-4,11/6/2022,
FH0000/PM-4,11/7/2022,
FH0000/PM-4,12/5/2022,
FH0000/PM-4,12/7/2022,
FH0000/PM-4,13/5/2022,
FH0000/PM-4,14/5/2022,
FH0000/PM-4,14/6/2022,
FH0000/PM-4,14/7/2022,
FH0000/PM-4,15/5/2022,1
FH0000/PM-4,15/7/2022,
FH0000/PM-4,16/7/2022,
FH0000/PM-4,17/7/2022,1
FH0000/PM-4,2/6/2022,
FH0000/PM-4,20/5/2022,
FH0000/PM-4,22/3/2022,
FH0000/PM-4,23/3/2022,
FH0000/PM-4,23/6/2022,
FH0000/PM-4,24/6/2022,
FH0000/PM-4,25/3/2022,
FH0000/PM-4,25/4/2022,1
FH0000/PM-4,25/6/2022,
FH0000/PM-4,26/6/2022,
FH0000/PM-4,27/6/2022,1
FH0000/PM-4,28/3/2022,
FH0000/PM-4,29/3/2022,
FH0000/PM-4,3/6/2022,
FH0000/PM-4,30/3/2022,1
FH0000/PM-4,30/5/2022,
FH0000/PM-4,31/5/2022,
FH0000/PM-4,4/6/2022,
FH0000/PM-4,5/5/2022,
FH0000/PM-4,5/6/2022,4
FH0000/PM-4,6/7/2022,
FH0000/PM-4,8/7/2022,
FH0000/PM-4,9/7/2022,
FH0000/PM-5,11/2/2022,8
FH0000/PM-5,11/6/2022,
FH0000/PM-5,11/7/2022,
FH0000/PM-5,12/5/2022,
FH0000/PM-5,12/7/2022,
FH0000/PM-5,13/5/2022,
FH0000/PM-5,14/5/2022,
FH0000/PM-5,14/6/2022,
FH0000/PM-5,14/7/2022,
FH0000/PM-5,15/5/2022,7
FH0000/PM-5,15/7/2022,
FH0000/PM-5,16/7/2022,
FH0000/PM-5,17/7/2022,8
FH0000/PM-5,2/6/2022,
FH0000/PM-5,20/5/2022,
FH0000/PM-5,21/3/2022,
FH0000/PM-5,22/3/2022,
FH0000/PM-5,22/6/2022,
FH0000/PM-5,23/3/2022,
FH0000/PM-5,23/6/2022,
FH0000/PM-5,24/6/2022,
FH0000/PM-5,25/3/2022,
FH0000/PM-5,25/4/2022,9
FH0000/PM-5,25/6/2022,
FH0000/PM-5,26/6/2022,
FH0000/PM-5,27/6/2022,6
FH0000/PM-5,28/3/2022,
FH0000/PM-5,29/3/2022,
FH0000/PM-5,3/6/2022,
FH0000/PM-5,30/3/2022,7
FH0000/PM-5,30/5/2022,
FH0000/PM-5,30/6/2022,
FH0000/PM-5,31/5/2022,
FH0000/PM-5,4/6/2022,
FH0000/PM-5,5/5/2022,
FH0000/PM-5,5/6/2022,6
FH0000/PM-5,6/7/2022,
FH0000/PM-5,8/7/2022,
FH0000/PM-5,9/7/2022,
FH0000/PM-6,11/2/2022,1
FH0000/PM-6,11/6/2022,
FH0000/PM-6,11/7/2022,
FH0000/PM-6,12/5/2022,
FH0000/PM-6,12/7/2022,
FH0000/PM-6,13/5/2022,
FH0000/PM-6,14/5/2022,
FH0000/PM-6,14/6/2022,
FH0000/PM-6,14/7/2022,
FH0000/PM-6,15/5/2022,1
FH0000/PM-6,15/7/2022,
FH0000/PM-6,16/7/2022,
FH0000/PM-6,17/7/2022,1
FH0000/PM-6,2/6/2022,
FH0000/PM-6,21/3/2022,
FH0000/PM-6,22/3/2022,
FH0000/PM-6,22/6/2022,
FH0000/PM-6,23/3/2022,
FH0000/PM-6,23/6/2022,
FH0000/PM-6,24/6/2022,
FH0000/PM-6,25/3/2022,
FH0000/PM-6,25/4/2022,1
FH0000/PM-6,25/6/2022,
FH0000/PM-6,26/6/2022,
FH0000/PM-6,27/6/2022,4
FH0000/PM-6,28/3/2022,
FH0000/PM-6,29/3/2022,
FH0000/PM-6,3/6/2022,
FH0000/PM-6,30/3/2022,1
FH0000/PM-6,30/5/2022,
FH0000/PM-6,30/6/2022,
FH0000/PM-6,31/5/2022,
FH0000/PM-6,4/6/2022,
FH0000/PM-6,5/5/2022,
FH0000/PM-6,5/6/2022,7
FH0000/PM-6,6/7/2022,
FH0000/PM-6,8/7/2022,
FH0000/PM-6,9/7/2022,
